{
    "85366349": 1587733361.362819,
    "85366349": 1587733442.7025266
}